,Open,High,Low,Close,Volume
2020-12-28,16.39,16.46,16.08,16.2,646500
2020-12-29,16.29,17.33,16.19,17.33,3283780
2020-12-30,17.67,17.67,17.3,17.3,829470
2020-12-31,17.26,17.37,17.06,17.23,419350
2021-01-04,17.37,17.37,17.13,17.2,838900
2021-01-05,17.13,17.74,17.03,17.4,473300
2021-01-06,17.47,17.53,17.26,17.3,473000
2021-01-07,17.37,17.77,17.1,17.64,818700
2021-01-08,17.67,17.87,17.23,17.64,1069100
2021-01-11,17.7,17.7,17.5,17.67,553300
2021-01-12,17.67,18.21,17.53,17.94,716800
2021-01-13,17.97,18.04,17.6,17.7,625100
2021-01-14,17.87,17.87,17.57,17.77,535900
2021-01-15,17.87,18.17,17.67,17.8,653800
2021-01-18,17.87,18.55,17.7,18.14,1671900
2021-01-19,18.14,18.14,16.89,17.13,956100
2021-01-20,17.47,17.5,16.69,17.2,580000
2021-01-21,17.37,17.87,17.37,17.87,527300
2021-01-22,17.87,18.71,17.7,18.44,1635900
2021-01-25,18.38,18.71,18.38,18.44,502900
2021-01-26,18.44,18.44,17.53,17.67,685900
2021-01-27,17.67,18.21,17.2,17.64,1147700
2021-01-28,16.52,17.3,16.4,16.4,1570700
2021-01-29,16.4,17.2,15.71,16.76,872900
2021-02-01,16.69,16.89,16.37,16.39,735900
2021-02-02,16.39,16.86,16.25,16.69,381700
2021-02-03,16.86,17.2,16.62,17.2,597000
2021-02-04,17.1,17.43,17.1,17.43,536600
2021-02-05,17.43,18.44,17.4,18.24,1628300
2021-02-08,18.24,19.05,18.11,18.38,1012600
2021-02-09,18.38,18.61,18.11,18.44,451700
2021-02-17,18.48,19.73,18.48,19.73,1718300
2021-02-18,20.23,20.43,19.86,20.13,1201700
2021-02-19,20.06,20.5,19.86,20.03,681300
2021-02-22,19.96,20.03,19.76,19.83,1131100
2021-02-23,19.59,20.4,19.56,20.06,819100
2021-02-24,20.3,21.24,20.23,20.84,1090400
2021-02-25,21.24,22.09,21.11,22.09,1116400
2021-02-26,21.58,22.15,21.58,21.92,776200
2021-03-01,22.19,22.19,21.68,21.99,683000
2021-03-02,21.99,22.02,21.58,21.75,856900
2021-03-03,21.82,23.27,21.78,23.27,1607700
2021-03-04,23.6,24.28,23.23,23.87,991500
2021-03-05,23.6,24.18,22.93,24.08,780900
2021-03-08,24.21,24.45,23.47,23.64,864600
2021-03-09,23.64,24.08,23.43,23.87,600800
2021-03-10,23.94,24.11,23.84,23.97,605400
2021-03-11,24.01,24.48,23.74,24.28,666000
2021-03-12,24.21,24.62,24.14,24.55,566500
2021-03-15,24.78,25.46,24.75,25.42,718300
2021-03-16,25.46,25.49,24.95,25.15,502200
2021-03-17,25.15,25.46,24.95,25.29,446000
2021-03-18,25.29,25.36,24.62,24.95,832500
2021-03-19,24.78,24.78,23.77,24.18,1326900
2021-03-22,24.11,24.11,23.33,23.4,1385700
2021-03-23,23.37,24.08,23.37,23.6,487500
2021-03-24,23.4,23.5,22.25,22.63,860300
2021-03-25,22.66,22.93,22.49,22.69,675400
2021-03-26,22.69,22.79,21.92,22.56,656000
2021-03-29,23.1,23.91,22.63,23.74,901200
2021-03-30,23.87,23.91,22.93,23.06,714700
2021-03-31,23.06,23.1,22.66,22.76,587400
2021-04-01,22.76,23.77,22.63,23.3,515100
2021-04-02,23.6,23.74,23.1,23.2,233400
2021-04-05,23.27,23.27,22.86,23.2,476500
2021-04-06,23.27,23.6,23.1,23.5,683900
2021-04-07,23.6,24.35,23.6,23.91,908800
2021-04-08,24.24,24.24,23.6,23.7,275900
2021-04-09,23.57,24.01,23.57,23.67,251300
2021-04-12,23.67,23.74,23.3,23.4,578000
2021-04-13,23.27,23.3,22.93,22.96,759700
2021-04-14,22.93,23.27,22.76,23.23,515000
2021-04-15,23.27,23.27,22.96,23.27,282500
2021-04-16,23.27,23.33,22.76,23.2,464200
2021-04-19,23.27,24.62,22.9,24.18,1143400
2021-04-20,24.28,24.55,23.57,23.57,823300
2021-04-22,23.43,23.6,22.93,22.93,895000
2021-04-23,22.66,23.27,22.59,23.27,610200
2021-04-26,23.27,23.43,22.83,23.1,394700
2021-04-27,23.2,23.4,22.86,23.17,378800
2021-04-28,23.13,24.24,23.1,23.6,781800
2021-04-29,23.6,24.11,23.47,23.54,398600
2021-05-04,23.27,25.15,23.27,25.15,2530400
2021-05-05,25.36,25.8,25.29,25.29,874500
2021-05-06,25.29,25.59,25.12,25.53,1097600
2021-05-07,26.21,26.6,25.79,26.52,1859700
2021-05-10,26.21,27.18,26.52,27.07,967600
2021-05-11,26.72,27.03,26.37,26.48,631900
2021-05-12,26.37,27.1,26.17,27.1,956500
2021-05-13,26.68,26.95,26.33,26.33,1454000
2021-05-14,26.76,26.76,25.9,25.9,1385900
2021-05-17,25.9,26.76,25.51,25.98,1794700
2021-05-18,25.67,25.94,25.59,25.82,733500
2021-05-19,25.63,26.37,25.2,26.17,1119400
2021-05-20,26.13,26.13,25.63,25.94,562100
2021-05-21,26.06,27.72,26.02,27.3,2644500
2021-05-24,27.53,27.53,27.14,27.45,744700
2021-05-25,27.45,27.92,27.3,27.8,1091500
2021-05-26,27.69,28.11,27.45,27.88,1097100
2021-05-27,27.88,27.88,27.14,27.72,795600
2021-05-28,27.72,27.72,27.3,27.61,695600
2021-05-31,27.88,28.19,27.38,27.8,1040900
2021-06-01,27.8,28.11,27.45,27.53,782500
2021-06-02,27.22,27.92,27.22,27.8,1046100
2021-06-03,27.92,29.08,27.72,29.0,1936100
2021-06-04,29.08,29.08,28.5,28.85,698000
2021-06-07,28.89,28.93,27.14,28.31,1520300
2021-06-08,27.92,28.27,27.22,27.53,1523900
2021-06-09,27.3,27.84,26.76,27.53,1236700
2021-06-10,27.38,28.54,27.14,28.23,992300
2021-06-11,28.19,28.69,27.72,28.15,1217500
2021-06-14,28.15,29.08,28.07,28.89,1631400
2021-06-15,29.0,30.9,28.89,30.87,3219300
2021-06-16,31.21,31.8,30.71,31.41,1213000
2021-06-17,30.9,32.07,30.83,31.72,816000
2021-06-18,31.68,31.8,31.25,31.64,512800
2021-06-21,31.21,31.64,31.06,31.52,928800
2021-06-22,31.8,31.99,31.49,31.49,579500
2021-06-23,31.21,31.6,30.63,30.83,1173700
2021-06-24,30.83,31.52,30.63,30.79,783100
2021-06-25,30.79,31.56,30.52,31.41,695000
2021-06-28,31.6,32.38,31.45,32.18,867400
2021-06-29,32.18,32.22,31.87,31.95,461900
2021-06-30,31.8,31.99,31.52,31.64,491800
2021-07-01,31.8,32.53,31.8,32.26,970300
2021-07-02,32.26,32.57,32.15,32.26,463200
2021-07-05,32.34,32.84,31.99,32.46,611500
2021-07-06,32.96,33.23,30.25,30.25,1491800
2021-07-07,30.83,32.34,30.44,32.34,1612100
2021-07-08,32.73,32.96,32.18,32.38,992700
2021-07-09,32.34,34.55,32.18,34.08,2137600
2021-07-12,33.89,33.89,31.72,31.87,3418700
2021-07-13,32.18,32.53,30.67,31.41,1549500
2021-07-14,31.37,31.8,29.86,30.25,1646500
2021-07-15,29.7,31.45,29.62,31.33,1018100
2021-07-16,31.41,32.34,31.33,31.83,863200
2021-07-19,31.02,31.6,30.63,30.75,1042800
2021-07-20,31.21,31.6,30.52,31.56,756100
2021-07-21,32.15,32.15,31.6,31.8,724600
2021-07-22,32.03,33.66,32.03,33.5,2429900
2021-07-23,33.54,35.83,33.35,35.83,5362400
2021-07-26,35.75,38.19,35.71,37.42,1693900
2021-07-27,37.81,37.81,35.67,36.06,1685000
2021-07-28,35.67,36.91,35.36,36.33,1364900
2021-07-29,36.49,37.5,36.1,37.22,994700
2021-07-30,37.22,37.22,36.6,37.03,942000
2021-08-02,37.03,38.39,36.84,37.65,1871100
2021-08-03,37.88,37.88,37.03,37.57,1222000
2021-08-04,37.65,38.78,37.65,38.58,1361200
2021-08-05,38.08,38.85,38.08,38.62,645400
2021-08-06,38.39,38.47,37.92,37.92,1145200
2021-08-09,37.61,38.39,37.42,38.19,876400
2021-08-10,38.31,39.55,38.0,39.43,1671300
2021-08-11,39.43,39.94,38.62,38.62,820500
2021-08-12,38.39,38.74,38.12,38.19,1081700
2021-08-13,37.92,38.04,36.64,38.0,2648300
2021-08-16,38.54,38.7,38.0,38.66,894000
2021-08-17,38.58,39.94,38.39,39.51,1367400
2021-08-18,39.51,40.95,39.51,40.71,1523000
2021-08-19,40.75,42.61,40.75,42.19,1525200
2021-08-20,42.3,42.42,40.33,41.68,1977400
2021-08-23,40.71,42.61,40.71,42.3,1042400
2021-08-24,41.88,41.99,40.71,41.68,1289300
2021-08-25,41.68,42.27,41.1,41.84,504700
2021-08-26,41.84,43.43,41.68,42.92,1046200
2021-08-27,43.04,43.78,42.27,43.35,708900
2021-08-30,43.35,44.59,43.35,44.59,791900
2021-08-31,44.98,46.14,44.9,45.76,1037700
2021-09-01,45.72,46.14,45.25,45.45,711700
2021-09-06,45.45,45.45,44.63,44.98,827400
2021-09-07,44.59,44.82,43.89,44.48,1241300
2021-09-08,44.09,45.29,44.09,44.98,432200
2021-09-09,44.98,45.06,44.71,44.82,304500
2021-09-10,45.13,45.76,44.9,45.48,429300
2021-09-13,45.76,48.66,45.76,48.66,1947000
2021-09-14,49.48,50.14,49.05,49.56,938800
2021-09-15,49.63,49.94,49.44,49.87,1070800
2021-09-16,50.41,52.0,50.14,51.46,1055100
2021-09-17,53.08,55.02,52.31,55.02,2013900
2021-09-20,58.16,58.86,56.61,57.19,1596400
2021-09-21,56.03,61.07,56.03,60.76,1402800
2021-09-22,62.43,64.99,62.43,64.99,968800
2021-09-23,67.86,69.21,60.45,60.45,3515200
2021-09-24,58.16,59.33,57.0,57.39,2304600
2021-09-27,57.04,59.83,57.04,57.47,1074900
2021-09-28,57.47,58.94,57.04,58.94,649300
2021-09-29,58.55,58.55,55.49,55.49,1677600
2021-09-30,55.53,58.94,55.53,58.51,828200
2021-10-01,57.43,62.39,57.43,61.61,1457200
2021-10-04,62.23,63.4,59.33,59.68,972200
2021-10-05,59.64,60.72,58.86,58.98,733600
2021-10-06,59.29,59.29,57.04,57.97,1092300
2021-10-07,57.97,59.68,57.31,58.16,484200
2021-10-08,57.78,59.75,57.78,58.4,417500
2021-10-11,58.75,59.17,58.16,58.86,770900
2021-10-12,58.86,62.04,58.86,62.04,2388900
2021-10-13,62.04,63.75,62.04,62.66,1296200
2021-10-14,62.62,63.51,61.15,61.19,1090500
2021-10-15,60.92,62.04,60.92,61.5,912500
2021-10-18,62.04,62.04,59.79,60.68,1237700
2021-10-19,59.13,59.79,58.86,58.94,1993200
2021-10-20,59.56,62.04,59.06,61.34,1555400
2021-10-21,61.34,63.59,61.3,62.43,1478000
2021-10-22,62.97,63.01,61.3,61.77,1130600
2021-10-25,62.04,63.36,60.49,60.88,1115700
2021-10-26,60.1,61.27,59.95,60.84,683100
2021-10-27,61.03,61.03,60.3,60.41,905800
2021-10-28,60.49,61.27,59.6,59.64,1205200
2021-10-29,59.52,59.52,58.9,59.25,1901100
2021-11-01,59.33,61.03,59.25,60.37,1075000
2021-11-02,60.49,61.07,59.95,60.41,832300
2021-11-03,60.57,60.57,59.4,59.52,1006400
2021-11-04,59.52,60.88,59.25,60.65,807700
2021-11-05,61.5,64.76,60.68,63.28,3567900
2021-11-08,63.51,65.65,63.36,63.55,1744300
2021-11-09,63.75,63.75,61.46,61.65,1712600
2021-11-10,61.11,61.23,60.1,60.37,2563600
2021-11-11,60.1,60.37,59.79,60.06,1685800
2021-11-12,59.95,60.3,59.71,60.3,1337100
2021-11-15,60.22,60.3,59.91,60.1,1309500
2021-11-16,59.91,61.65,59.91,60.88,2115500
2021-11-17,61.27,63.4,61.27,63.4,3484500
2021-11-18,63.98,65.92,63.98,65.65,3163800
2021-11-19,65.72,67.28,62.82,65.65,2282100
2021-11-22,65.53,66.66,63.59,63.94,2273400
2021-11-23,63.59,64.76,62.97,64.56,1594300
2021-11-24,64.76,65.88,64.72,64.99,1257900
2021-11-25,65.14,65.26,64.02,64.87,1193600
2021-11-26,64.56,64.95,62.62,62.82,1864000
2021-11-29,61.69,62.51,61.27,61.96,1106000
2021-11-30,62.43,64.37,61.69,63.36,1290700
2021-12-01,63.2,64.29,62.93,63.2,654400
2021-12-02,63.24,64.17,63.2,63.28,846500
2021-12-03,63.59,63.71,61.46,61.46,1140000
2021-12-06,61.34,61.65,59.91,60.26,1834800
2021-12-07,60.68,63.98,60.68,63.67,1084200
2021-12-08,64.37,66.69,64.37,65.53,1744100
2021-12-09,65.72,68.13,65.57,68.13,2386500
2021-12-10,68.25,70.57,68.21,68.83,2082300
2021-12-13,68.48,70.57,68.28,69.41,1409500
2021-12-14,69.41,69.41,67.28,67.9,1592000
2021-12-15,67.28,67.82,66.0,67.08,1410000
2021-12-16,68.25,68.25,66.66,67.47,756100
2021-12-17,67.12,67.39,66.31,66.89,1942700
2021-12-20,66.81,66.81,64.64,64.95,1494900
2021-12-21,64.95,65.26,61.58,62.39,2557600
2021-12-22,61.92,63.98,61.92,63.13,1460100
2021-12-23,62.27,63.51,61.07,61.65,1776500
2021-12-24,62.04,62.04,60.68,62.0,621900
2021-12-27,61.69,62.97,61.69,62.74,501500
2021-12-28,62.23,63.4,62.23,62.74,619400
2021-12-29,63.13,63.13,61.65,62.04,730500
2021-12-30,61.53,62.04,61.14,61.65,645400
2021-12-31,61.88,62.39,61.26,62.39,529000
2022-01-04,62.43,62.82,62.08,62.16,643100
2022-01-05,62.16,62.16,61.14,61.14,846500
2022-01-06,60.87,61.92,60.67,60.75,613100
2022-01-07,60.79,60.95,59.74,59.77,1010200
2022-01-10,59.66,59.66,55.83,56.58,2039400
2022-01-11,56.65,56.69,55.64,55.8,1309500
2022-01-12,56.58,58.53,56.03,58.49,758800
2022-01-13,57.94,58.33,57.04,57.16,405100
2022-01-14,55.87,57.2,55.87,56.22,311000
2022-01-17,56.97,56.97,52.32,52.32,1020500
2022-01-18,51.11,52.28,49.16,50.41,972500
2022-01-19,50.72,53.92,50.72,53.92,523300
2022-01-20,57.67,57.67,56.58,57.67,758400
2022-01-21,59.11,59.27,57.36,57.75,599100
2022-01-24,57.75,57.75,54.08,54.62,608200
2022-01-25,53.65,56.26,53.65,56.26,538700
2022-01-26,56.93,57.36,53.96,54.04,607900
2022-01-27,53.88,54.43,52.28,52.28,581900
2022-01-28,51.54,54.23,51.5,53.84,319000
2022-02-07,55.01,55.8,53.84,55.8,446700
2022-02-08,55.72,58.49,55.01,57.55,553100
2022-02-09,57.94,57.94,56.58,57.36,257700
2022-02-10,57.0,57.0,55.64,55.8,664200
2022-02-11,55.8,57.75,55.76,56.97,459600
2022-02-14,56.19,56.93,55.01,55.05,687900
2022-02-15,54.98,55.64,54.98,55.17,236200
2022-02-16,55.29,56.34,55.01,55.8,288200
2022-02-17,55.8,58.41,55.8,57.36,1132500
2022-02-18,57.32,59.07,56.77,58.99,1468700
2022-02-21,59.66,59.7,58.72,59.11,842200
2022-02-22,58.21,59.89,57.55,59.7,1286000
2022-02-23,59.74,63.21,59.74,61.26,1867100
2022-02-24,60.91,63.21,60.91,63.17,2082900
2022-02-25,63.6,65.71,63.13,63.13,2105400
2022-02-28,63.56,64.38,61.84,63.64,1842200
2022-03-01,63.91,65.12,63.52,63.68,1246900
2022-03-02,63.6,64.77,62.86,64.77,1697600
2022-03-03,65.16,69.3,65.16,69.3,5507000
2022-03-04,71.01,71.4,69.06,69.3,3403000
2022-03-07,70.47,74.13,70.47,74.09,4069300
2022-03-08,74.17,75.5,70.62,71.01,3052400
2022-03-09,72.07,73.94,70.82,73.74,2996100
2022-03-10,72.38,75.66,72.18,72.96,1437000
2022-03-11,72.96,75.3,72.53,73.39,2314200
2022-03-14,73.63,74.91,70.23,70.23,2379900
2022-03-15,70.23,71.4,67.31,69.72,2176000
2022-03-16,70.93,74.52,69.72,73.74,1673100
2022-03-17,74.37,74.52,70.97,72.42,1599500
2022-03-18,73.16,74.33,72.46,73.78,1848700
2022-03-21,74.33,78.04,73.94,77.84,3422100
2022-03-22,77.96,83.26,77.96,83.26,3093400
2022-03-23,84.67,88.61,84.59,88.61,3169000
2022-03-24,88.18,90.13,85.84,86.81,3439900
2022-03-25,86.23,87.79,85.14,87.79,2561600
2022-03-28,87.98,91.69,87.05,91.65,2171400
2022-03-29,93.25,93.25,86.23,89.16,2885500
2022-03-30,87.79,90.91,85.64,90.52,3207600
2022-03-31,91.3,91.89,88.96,88.96,1743900
2022-04-01,87.79,89.66,87.01,88.96,1744400
2022-04-04,88.57,88.77,85.84,86.23,1907500
2022-04-05,86.03,87.4,83.42,83.89,1770700
2022-04-06,82.44,86.15,82.33,84.59,1340400
2022-04-07,84.28,87.98,84.28,87.01,1410000
2022-04-08,86.93,87.59,83.93,84.28,1297600
2022-04-12,84.67,86.89,83.3,84.28,1112200
2022-04-13,85.6,90.17,85.06,90.17,2285800
2022-04-14,92.47,96.45,91.89,96.45,2400900
2022-04-15,96.37,98.52,94.89,96.76,1260400
2022-04-18,97.11,97.93,94.03,95.59,1398500
2022-04-19,96.76,102.27,95.98,99.42,2350900
2022-04-20,99.46,99.89,93.64,94.81,2448200
2022-04-21,93.25,98.25,91.69,96.37,1408900
2022-04-22,97.54,97.54,89.66,92.86,4671400
2022-04-25,90.91,93.76,86.38,86.38,2001500
2022-04-26,80.42,87.4,80.38,87.01,2139100
2022-04-27,86.62,88.96,82.87,88.57,1720300
2022-04-28,88.88,89.74,86.15,88.96,1255200
2022-04-29,88.18,95.16,87.4,93.99,2100200
2022-05-04,93.64,96.33,92.47,93.41,1027200
2022-05-05,94.42,94.42,88.77,92.39,1557400
2022-05-06,89.35,93.6,89.16,90.13,1421300
2022-05-09,88.57,89.35,83.85,83.85,1672100
2022-05-10,79.99,83.46,78.07,82.72,2099800
2022-05-11,83.65,83.89,80.61,82.72,809700
2022-05-12,81.2,82.52,76.94,76.94,1980600
2022-05-13,76.08,76.86,71.56,71.56,2508900
2022-05-16,73.35,76.55,70.27,70.27,1497600
2022-05-17,67.89,75.19,67.89,75.19,1245200
2022-05-18,76.08,79.36,76.08,79.21,1215700
2022-05-19,76.98,84.67,75.69,83.89,1607700
2022-05-20,83.85,85.45,82.33,83.11,952100
2022-05-23,84.67,84.86,79.99,83.73,1133400
2022-05-24,84.36,88.57,83.5,87.01,1507200
2022-05-25,88.02,90.48,87.4,89.16,994900
2022-05-26,89.74,90.75,87.4,87.75,985400
2022-05-27,85.84,86.23,83.38,83.5,2873300
2022-05-30,82.37,86.62,82.37,83.89,1044200
2022-05-31,84.47,89.27,83.69,87.24,1301500
2022-06-01,87.98,91.11,86.42,89.66,1560000
2022-06-02,89.39,92.67,89.39,91.15,2049400
2022-06-03,97.46,97.46,97.46,97.46,357200
2022-06-06,104.15,104.15,99.91,100.0,4625000
2022-06-07,99.07,106.6,95.68,105.76,2536900
2022-06-08,109.23,109.57,106.69,108.38,1416600
2022-06-09,107.96,107.96,105.33,106.69,1418000
2022-06-10,106.69,113.46,106.69,107.54,3482100
2022-06-13,105.93,109.82,102.46,103.13,2602100
2022-06-14,102.03,107.45,101.86,106.52,1739200
2022-06-15,108.47,110.24,103.81,106.69,2785500
2022-06-16,109.14,114.14,105.93,114.06,3492100
2022-06-17,112.62,117.7,111.77,111.77,2656600
2022-06-20,111.35,112.02,105.84,105.84,2625300
2022-06-21,104.15,105.76,98.64,98.73,2803300
2022-06-22,99.91,101.44,92.29,94.83,3048900
2022-06-23,93.14,101.44,93.14,101.44,980800
2022-06-24,105.42,107.11,103.47,103.81,1230200
2022-06-27,103.3,107.11,101.61,101.61,1615600
2022-06-28,100.76,104.06,99.91,100.51,1880900
2022-06-29,98.56,102.2,97.37,100.76,1408800
2022-06-30,101.61,102.2,98.64,98.64,832500
2022-07-01,98.22,98.56,93.31,94.83,1790000
2022-07-04,95.0,97.21,89.92,89.92,1791900
2022-07-05,89.75,89.75,83.74,83.74,3099300
2022-07-06,81.2,82.39,77.9,77.9,2148800
2022-07-07,77.9,83.32,76.46,83.32,1776200
2022-07-08,84.5,86.71,81.29,82.98,3017500
2022-07-11,81.54,85.01,79.59,80.52,1850100
2022-07-12,79.59,84.67,79.59,84.67,1973400
2022-07-13,84.67,85.94,81.29,82.13,1515500
2022-07-14,81.29,83.83,80.69,82.13,1467400
2022-07-15,82.64,82.98,81.12,81.12,1555700
2022-07-18,81.37,82.47,77.98,78.75,1785800
2022-07-19,78.32,83.32,78.32,82.56,2419100
2022-07-20,85.77,86.62,84.67,84.67,3151200
2022-07-21,84.76,86.2,83.83,85.1,1852900
2022-07-22,85.18,85.86,82.9,83.15,1744700
2022-07-25,82.73,82.98,80.86,81.71,1538400
2022-07-26,81.88,83.4,80.69,81.03,1388100
2022-07-27,81.03,82.13,80.1,81.29,927700
2022-07-28,82.56,82.73,80.95,81.29,2861500
2022-07-29,80.95,81.29,75.61,75.61,6404300
2022-08-01,73.24,77.05,70.79,77.05,4464400
2022-08-02,77.05,77.73,74.77,75.11,1898400
2022-08-03,74.51,76.63,73.5,75.36,2012100
2022-08-04,75.36,78.07,75.11,76.88,2890700
2022-08-05,76.54,76.54,75.87,76.12,1440100
2022-08-08,76.04,78.75,75.78,77.48,2455100
2022-08-09,78.32,82.13,78.07,80.61,3358200
2022-08-10,80.02,81.29,79.17,79.17,1586200
2022-08-11,80.19,80.19,76.63,77.05,2311000
2022-08-12,77.05,78.41,75.78,77.56,1833800
2022-08-15,78.92,80.02,77.9,78.83,1552300
2022-08-16,78.83,80.44,78.75,79.25,2092500
2022-08-17,79.59,80.02,78.15,79.0,1918700
2022-08-18,79.51,81.79,79.09,79.85,4051000
2022-08-19,80.44,81.2,78.83,79.09,1792400
2022-08-22,78.66,79.42,77.98,78.15,1290800
2022-08-23,77.39,77.73,76.21,77.56,2513100
2022-08-24,78.32,81.29,77.39,80.36,3905400
2022-08-25,80.78,84.33,80.44,83.32,4431300
2022-08-26,83.4,83.4,81.54,81.71,2228800
2022-08-29,80.1,82.73,79.76,82.39,5009000
2022-08-30,83.49,86.2,83.49,84.76,5403100
2022-08-31,85.35,85.44,83.49,84.25,2385800
2022-09-05,84.67,86.79,84.33,85.77,2608700
2022-09-06,86.71,87.64,85.1,85.18,3950500
2022-09-07,85.18,85.27,79.85,79.85,4562200
2022-09-08,81.29,82.81,80.1,81.96,3562000
2022-09-09,81.71,83.4,80.36,83.4,2588000
2022-09-12,83.74,86.62,83.4,85.77,4096400
2022-09-13,86.37,87.21,85.27,86.62,3865700
2022-09-14,84.67,86.11,83.83,85.94,3084500
2022-09-15,86.79,87.13,84.76,84.76,3483800
2022-09-16,84.67,85.94,82.56,82.56,5746900
2022-09-19,82.98,83.32,79.59,79.59,4324400
2022-09-20,81.2,81.96,78.07,81.54,2499800
2022-09-21,80.61,81.54,79.76,80.44,1153500
2022-09-22,80.02,81.29,78.92,81.29,1938400
2022-09-23,81.2,81.2,79.17,79.17,2117400
2022-09-26,77.48,78.07,73.67,73.67,5696300
2022-09-27,73.84,74.43,69.77,70.03,3693800
2022-09-28,69.43,70.62,66.05,66.05,4024500
2022-09-29,68.16,68.16,61.47,61.47,3902800
2022-09-30,60.03,65.71,58.42,65.71,5658300
2022-10-03,66.05,68.16,61.98,62.49,3214700
2022-10-04,63.67,64.86,61.98,62.74,3343700
2022-10-05,64.35,66.3,63.93,65.03,2608300
2022-10-06,65.62,66.38,60.63,60.63,3683400
2022-10-07,57.66,59.69,56.39,56.99,5208000
2022-10-10,56.05,60.96,56.05,60.96,3640500
2022-10-11,60.46,61.39,57.92,59.1,3723900
2022-10-12,59.36,63.17,59.1,62.66,3911200
2022-10-13,62.66,64.61,62.32,63.93,2449300
2022-10-14,65.88,68.33,65.2,67.57,5940500
2022-10-17,67.06,70.36,66.13,70.36,3914900
2022-10-18,71.89,71.89,67.91,69.01,4176000
2022-10-19,68.67,71.04,68.67,69.01,3719400
2022-10-20,69.43,69.69,65.96,66.47,4231700
2022-10-21,66.89,66.89,61.9,61.9,5117900
2022-10-24,62.91,65.03,61.39,61.81,4332200
2022-10-25,62.66,65.71,60.71,63.51,4441900
2022-10-26,64.27,65.45,63.67,64.61,2676800
2022-10-27,64.1,67.4,63.67,66.89,3568400
2022-10-28,67.74,68.16,65.54,65.54,2813400
2022-10-31,65.88,66.13,62.15,65.11,4058900
2022-11-01,65.28,65.96,63.25,63.25,2735600
2022-11-02,63.08,64.01,60.96,61.56,3544000
2022-11-03,60.96,62.74,60.63,61.98,1280300
2022-11-04,61.81,61.81,58.68,60.12,3306600
2022-11-07,60.12,60.8,56.99,59.61,3118000
2022-11-08,59.61,60.46,58.76,60.12,2261700
2022-11-09,60.8,60.8,58.93,60.03,1378100
2022-11-10,58.51,59.1,55.88,55.88,2874700
2022-11-11,57.15,57.15,51.99,51.99,3203300
2022-11-14,48.43,48.43,48.43,48.43,569200
2022-11-15,45.05,45.05,45.05,45.05,248600
2022-11-16,41.91,48.18,41.91,48.18,12959600
2022-11-17,50.38,51.48,49.7,49.96,3085200
2022-11-18,49.96,50.04,46.49,46.49,8514600
2022-11-21,46.57,46.82,43.27,43.27,7210300
2022-11-22,41.91,45.3,40.73,43.27,6143000
2022-11-23,43.27,45.13,43.27,44.03,3210900
2022-11-24,43.95,44.2,42.0,43.18,3274800
2022-11-25,43.35,44.54,41.74,42.68,4887000
2022-11-28,43.61,45.64,43.44,45.64,5248800
2022-11-29,47.42,48.77,46.49,48.77,6135600
2022-11-30,49.7,51.57,49.53,51.57,4653200
2022-12-01,52.5,54.11,49.11,49.11,6420100
2022-12-02,49.11,52.5,48.09,52.41,5784400
2022-12-05,54.19,54.28,52.41,54.19,4394800
2022-12-06,52.92,56.56,52.07,53.34,6316800
2022-12-07,52.92,54.19,51.82,53.09,3002700
2022-12-08,53.77,55.72,53.26,54.53,3540200
2022-12-09,54.53,54.95,52.92,53.85,1928600
2022-12-12,53.85,55.63,53.85,55.04,3953600
2022-12-13,55.04,55.38,54.02,55.38,2803000
2022-12-14,56.56,58.85,55.63,57.24,4832800
2022-12-15,57.32,58.34,57.15,57.75,1996800
2022-12-16,56.73,57.83,56.73,57.66,3078800
2022-12-19,58.29,58.29,55.36,55.81,3681300
2022-12-20,55.1,55.81,52.17,54.74,4273900
2022-12-21,54.74,55.81,51.38,53.41,1916600
2022-12-22,54.03,54.03,51.73,53.41,1327000
2022-12-23,52.71,52.97,51.82,52.26,1362900
2022-12-26,51.91,51.91,48.63,48.63,2760600
2022-12-27,48.28,51.55,47.83,51.55,1874800
2022-12-28,52.26,52.26,50.14,52.26,1540600
2022-12-29,52.0,52.26,50.93,51.29,968900
2022-12-30,51.2,52.17,50.76,52.17,1390000
2023-01-03,52.17,53.5,51.38,52.88,1790900
2023-01-04,53.5,54.83,53.06,53.33,1731200
2023-01-05,53.33,54.39,53.33,53.95,1367200
2023-01-06,53.68,54.03,51.73,51.91,1939000
2023-01-09,52.09,52.79,51.02,51.02,1265000
2023-01-10,51.38,51.55,49.78,50.05,1782700
2023-01-11,50.49,50.93,49.96,49.96,1183200
2023-01-12,50.49,50.58,49.52,49.6,976400
2023-01-13,50.4,51.38,50.05,50.4,1256100
2023-01-16,50.84,50.84,49.96,49.96,845500
2023-01-17,49.96,52.35,49.96,52.09,1867300
2023-01-18,52.71,52.71,52.0,52.44,1660900
2023-01-19,52.53,54.03,52.53,53.06,2053600
2023-01-27,54.03,54.21,51.82,52.26,1930000
2023-01-30,52.44,52.71,51.73,51.73,1928700
2023-01-31,51.46,53.77,51.46,53.41,3875600
2023-02-01,54.03,55.98,53.15,53.15,5287500
2023-02-02,53.68,54.65,51.91,52.35,2704700
2023-02-03,52.97,52.97,51.38,52.09,1831400
2023-02-06,52.0,52.53,50.67,51.38,1728900
2023-02-07,51.38,51.64,49.16,49.25,3836200
2023-02-08,49.6,49.96,47.92,48.72,2336200
2023-02-09,48.98,50.05,48.72,48.9,1059500
2023-02-10,48.98,49.43,48.54,48.72,1018200
2023-02-13,48.72,48.72,46.06,46.24,2575700
2023-02-14,46.5,47.3,46.15,46.95,1605700
2023-02-15,47.3,48.01,46.68,47.48,1027200
2023-02-16,47.57,48.1,46.95,47.21,1204700
2023-02-17,47.39,47.48,46.68,46.95,997100
2023-02-20,46.95,48.45,46.77,48.45,1835100
2023-02-21,48.54,49.07,48.01,48.36,1655500
2023-02-22,47.66,48.1,46.95,46.95,2064800
2023-02-23,46.95,47.04,44.91,46.06,2570800
2023-02-24,46.42,46.42,44.73,44.82,1356200
2023-02-27,44.29,45.0,43.49,43.76,2139800
2023-02-28,44.11,44.64,43.05,44.38,1309600
2023-03-01,43.94,44.56,43.76,44.56,827500
2023-03-02,44.73,45.62,44.73,45.18,930700
2023-03-03,45.18,45.26,44.2,44.56,1021000
2023-03-06,45.18,45.18,44.38,44.82,1522000
2023-03-07,44.82,45.09,44.02,44.82,964900
2023-03-08,43.85,44.82,43.85,44.82,953000
2023-03-09,45.0,46.15,44.73,45.97,2007000
2023-03-10,45.53,47.3,45.35,46.59,2711200
2023-03-13,46.06,46.59,45.44,45.88,1561700
2023-03-14,45.71,46.42,45.18,45.71,1595700
2023-03-15,46.33,46.86,45.88,46.5,1570700
2023-03-16,45.97,46.06,45.26,46.06,1034100
2023-03-17,46.06,46.5,45.71,46.5,2142400
2023-03-20,46.06,46.33,44.82,44.82,1241900
2023-03-21,45.09,45.62,43.85,45.18,1551500
2023-03-22,45.53,45.53,44.82,44.82,458200
2023-03-23,44.38,45.18,44.38,44.82,656300
2023-03-24,45.0,45.18,44.64,44.82,721600
2023-03-27,44.82,45.26,44.73,45.18,877600
2023-03-28,45.26,46.24,45.18,45.8,1458000
2023-03-29,45.8,45.97,45.26,45.97,815400
2023-03-30,46.5,46.86,45.35,45.44,1268600
2023-03-31,45.62,45.71,45.0,45.44,1234100
2023-04-03,45.62,46.15,45.53,46.06,1734700
2023-04-04,46.33,47.66,46.06,47.3,3419900
2023-04-05,47.74,48.63,47.39,48.01,2344300
2023-04-06,48.1,48.54,47.04,47.04,2312000
2023-04-07,47.39,47.48,46.5,46.59,1345700
2023-04-10,46.77,47.66,46.59,46.68,1890100
2023-04-11,46.59,46.86,46.15,46.77,1252300
2023-04-12,46.95,47.74,46.77,46.95,1417400
2023-04-13,47.58,49.3,47.04,49.3,4832000
2023-04-14,49.66,51.1,49.03,49.03,4115700
2023-04-17,49.21,49.39,47.67,48.12,2454300
2023-04-18,48.12,49.48,48.03,48.75,2366900
2023-04-19,48.75,50.02,48.21,48.75,2517200
2023-04-20,48.75,49.12,48.3,48.39,1296200
2023-04-21,48.57,49.12,46.95,46.95,4259600
2023-04-24,46.95,47.49,46.32,46.32,1826100
2023-04-25,46.5,46.86,46.05,46.5,1807300
2023-04-26,46.5,46.59,45.96,46.41,1660400
2023-04-27,46.59,47.49,46.5,46.59,1664100
2023-04-28,46.86,47.4,46.41,46.5,1493300
2023-05-04,46.59,47.13,45.96,46.05,1697400
2023-05-05,46.05,46.68,46.05,46.41,1131700
2023-05-08,46.5,46.77,46.23,46.68,1294100
2023-05-09,46.95,47.13,46.41,46.68,1081400
2023-05-10,46.59,46.59,46.14,46.23,2019000
2023-05-11,46.5,47.76,46.32,47.13,3286900
2023-05-12,47.13,47.22,46.59,46.77,1492000
2023-05-15,46.95,47.04,46.5,46.5,1537300
2023-05-16,46.68,46.68,45.96,46.23,2526200
2023-05-17,46.05,46.77,45.87,45.87,1898900
2023-05-18,45.96,45.96,45.5,45.5,1815300
2023-05-19,45.59,45.78,45.14,45.32,1741400
2023-05-22,45.32,45.68,45.14,45.5,1473600
2023-05-23,45.68,46.95,45.41,46.41,2367300
2023-05-24,46.5,46.68,45.78,45.87,1068700
2023-05-25,45.68,45.87,45.32,45.78,1369600
2023-05-26,45.96,46.41,45.32,45.41,1558800
2023-05-29,45.78,46.95,45.41,46.5,2687600
2023-05-30,46.95,48.66,46.68,48.57,7508800
2023-05-31,48.84,49.03,48.12,48.39,3329000
2023-06-01,48.39,49.57,48.39,49.3,5156300
2023-06-02,49.66,50.83,49.39,50.83,6220700
2023-06-05,51.55,54.35,50.56,53.36,8437500
2023-06-06,53.45,54.17,52.91,53.99,3637700
2023-06-07,53.99,55.89,53.81,54.53,4554600
2023-06-08,54.53,55.07,53.27,53.27,4842000
2023-06-09,53.63,56.97,53.09,56.97,9222300
2023-06-12,58.05,58.6,56.52,58.23,3491400
2023-06-13,58.51,58.51,55.8,56.61,5373400
2023-06-14,56.88,57.42,55.53,55.53,3274800
2023-06-15,55.53,56.61,55.35,56.43,3445800
2023-06-16,56.97,57.6,55.44,55.44,4712700
2023-06-19,55.44,55.89,54.8,55.26,3235600
2023-06-20,55.8,56.79,55.26,56.79,2821100
2023-06-21,56.88,57.69,56.7,57.51,3683500
2023-06-22,57.78,59.95,57.33,59.59,6396200
2023-06-23,59.5,59.59,58.51,58.96,3414800
2023-06-26,58.69,59.86,57.6,58.6,3842900
2023-06-27,58.69,60.49,58.42,59.14,4161700
2023-06-28,59.14,60.13,59.05,59.05,2912100
2023-06-29,59.41,59.41,56.88,56.88,6249000
2023-06-30,56.88,57.96,56.7,57.6,1924700
2023-07-03,58.6,59.23,57.6,57.6,2187500
2023-07-04,57.6,58.51,57.51,58.51,2334800
2023-07-05,59.14,61.21,58.69,60.13,9033100
2023-07-06,60.22,60.94,59.77,60.94,4735300
2023-07-07,60.76,62.12,60.67,61.21,3434000
2023-07-10,61.3,61.67,60.85,61.21,3716500
2023-07-11,61.3,61.3,59.77,60.13,5092400
2023-07-12,60.49,61.76,59.86,61.12,4538100
2023-07-13,61.58,65.37,61.58,64.28,6615100
2023-07-14,65.01,65.82,63.83,64.65,3856200
2023-07-17,65.01,65.55,64.28,64.46,2340400
2023-07-18,64.74,65.46,63.83,63.92,3266900
2023-07-19,64.1,64.83,63.65,64.1,2835400
2023-07-20,64.28,66.36,64.28,65.82,5116900
2023-07-21,66.0,66.72,65.73,65.91,3264000
2023-07-24,66.0,66.0,64.65,65.28,4582200
2023-07-25,65.64,65.91,64.55,65.28,3359800
2023-07-26,65.28,66.63,64.74,65.01,3165400
2023-07-27,65.01,65.1,63.74,64.37,4549300
2023-07-28,64.55,65.82,64.19,65.55,3038500
2023-07-31,66.18,66.36,65.01,65.01,2887400
2023-08-01,65.46,68.53,64.46,67.17,7667100
2023-08-02,66.81,67.99,66.54,66.9,2202400
2023-08-03,66.81,68.17,66.27,66.9,3368400
2023-08-04,66.99,68.08,66.72,67.26,2596900
2023-08-07,67.62,67.81,66.54,66.72,3386700
2023-08-08,66.81,67.9,66.45,67.35,3114300
2023-08-09,67.71,67.71,66.72,66.81,2160100
2023-08-10,66.81,68.44,66.63,66.99,5085100
2023-08-11,67.62,67.71,65.64,66.18,5349300
2023-08-14,66.36,67.08,65.82,66.27,2545600
2023-08-15,66.72,68.98,66.18,68.98,6386500
2023-08-16,69.34,69.43,67.9,68.35,2665600
2023-08-17,68.35,68.98,67.99,68.26,3093700
2023-08-18,67.81,68.26,63.56,63.65,9711700
2023-08-21,63.74,64.74,62.3,63.2,3599300
2023-08-22,63.83,64.19,60.49,64.1,3516600
2023-08-23,64.92,65.91,64.37,65.37,2979000
2023-08-24,65.46,68.17,65.19,67.81,5128900
2023-08-25,67.9,72.23,67.62,72.05,8219400
2023-08-28,72.32,75.66,72.32,75.66,4225200
2023-08-29,75.75,76.2,74.13,74.94,3441000
2023-08-30,75.12,76.83,74.94,75.57,2285300
2023-08-31,75.84,79.0,75.39,79.0,3416800
2023-09-05,79.36,82.25,78.19,82.16,3282300
2023-09-06,82.16,83.7,80.81,81.98,3467300
2023-09-07,82.07,83.24,80.35,80.35,2882100
2023-09-08,81.26,84.78,80.81,83.42,4509500
2023-09-11,84.87,84.87,81.35,82.07,4877600
2023-09-12,82.25,83.51,81.98,83.24,2161100
2023-09-13,84.42,84.42,81.8,81.98,4308800
2023-09-14,81.53,83.79,81.35,81.98,3433700
2023-09-15,82.34,83.33,81.71,81.98,2315400
2023-09-18,81.26,81.98,79.72,80.54,4025600
2023-09-19,80.63,84.24,80.63,83.79,5109900
2023-09-20,84.15,88.03,84.15,86.58,3462600
2023-09-21,86.67,87.58,84.51,84.87,3491400
2023-09-22,83.51,89.93,82.52,88.48,7370000
2023-09-25,88.48,89.11,82.34,82.34,5155900
2023-09-26,81.26,84.6,81.26,81.71,5426000
2023-09-27,82.97,83.06,77.65,82.7,5559900
2023-09-28,82.88,84.87,81.17,84.78,3637200
2023-09-29,85.77,86.22,83.88,84.42,2717700
2023-10-02,83.97,85.32,83.79,84.6,1894700
2023-10-03,83.97,84.15,81.17,82.16,4586800
2023-10-04,81.26,86.22,80.35,85.32,6062700
2023-10-05,85.95,87.58,83.97,83.97,3498100
2023-10-06,84.78,86.49,83.15,85.77,2451600
2023-10-09,85.86,88.93,85.86,87.58,4070800
2023-10-10,88.48,88.48,85.77,86.04,3452200
2023-10-11,86.04,87.58,85.5,87.58,1889800
2023-10-12,88.03,91.19,87.22,88.39,4366800
2023-10-13,87.49,89.83,87.31,89.65,3282300
2023-10-16,89.56,90.11,87.13,87.49,3252100
2023-10-17,87.76,88.39,81.44,81.44,3049600
2023-10-18,83.15,83.51,78.37,82.25,7116600
2023-10-19,82.43,82.61,79.99,81.08,2735000
2023-10-20,81.08,82.16,77.56,82.07,5009000
2023-10-23,81.71,82.07,78.1,79.0,3812800
2023-10-24,79.27,81.8,79.0,81.17,2017800
2023-10-25,81.17,81.71,79.9,80.63,1508600
2023-10-26,79.0,79.36,75.03,76.74,6704100
2023-10-27,76.74,77.74,73.22,76.74,1823200
2023-10-30,75.39,77.01,73.58,73.58,1826300
2023-10-31,74.49,74.58,70.97,71.33,3753200
2023-11-01,71.51,72.5,69.07,72.5,3412400
2023-11-02,74.03,77.56,73.13,77.47,3107800
2023-11-03,78.28,78.28,76.56,77.47,2005500
2023-11-06,78.01,80.35,77.29,79.81,2195600
2023-11-07,79.36,80.99,78.1,79.45,1838600
2023-11-08,79.36,83.97,79.18,83.97,2997800
2023-11-09,83.97,85.5,83.42,83.79,2802100
2023-11-10,82.88,86.04,82.88,83.97,2711000
2023-11-13,84.06,85.14,82.79,84.24,1654600
2023-11-14,84.87,85.95,83.79,84.42,2232400
2023-11-15,85.77,85.77,84.87,84.87,1914000
2023-11-16,84.69,86.86,84.06,86.49,2760400
2023-11-17,86.67,86.67,83.51,84.24,2781700
2023-11-20,82.43,85.05,82.43,84.24,1840100
2023-11-21,85.32,85.77,84.42,85.68,2032100
2023-11-22,86.22,88.39,85.95,86.86,3854900
2023-11-23,87.49,87.58,83.88,83.88,2597700
2023-11-24,84.69,86.22,82.43,86.22,3115600
2023-11-27,86.49,86.58,84.87,85.05,795100
2023-11-28,85.05,85.14,83.15,85.14,1749500
2023-11-29,85.59,86.95,85.59,86.49,2153100
2023-11-30,86.49,87.04,85.32,85.32,1602200
2023-12-01,85.86,86.13,84.15,85.86,1677600
2023-12-04,87.04,88.12,86.4,88.03,3190600
2023-12-05,88.21,89.56,87.58,87.85,2049000
2023-12-06,87.58,88.48,87.31,88.48,1514400
2023-12-07,88.48,89.38,85.86,87.76,4001300
2023-12-08,87.31,88.48,86.86,88.3,1476000
2023-12-11,88.66,88.75,87.31,88.3,1067800
2023-12-12,88.3,88.48,87.49,87.58,1149300
2023-12-13,87.85,88.12,86.58,86.58,1950400
2023-12-14,86.77,87.4,85.41,85.77,1592100
2023-12-15,85.77,85.77,84.24,84.24,2658600
2023-12-18,84.87,85.68,83.24,84.69,1622600
2023-12-19,85.62,86.09,84.5,86.09,1608500
2023-12-20,86.0,86.18,85.06,85.44,1000600
2023-12-21,85.34,85.34,84.04,84.88,1759600
2023-12-22,84.88,84.88,83.85,84.41,1421400
2023-12-25,84.5,86.18,84.13,85.62,960900
2023-12-26,86.0,88.42,85.9,87.58,3027400
2023-12-27,88.14,88.42,87.39,87.77,1501700
2023-12-28,87.77,88.98,87.21,87.67,1686200
2023-12-29,87.39,88.05,87.39,88.05,1296500
2024-01-02,88.23,88.51,87.02,87.49,1466800
2024-01-03,86.93,87.67,86.93,87.67,1529900
2024-01-04,87.86,92.34,87.86,89.54,5627600
2024-01-05,89.82,90.29,88.51,89.07,1430600
2024-01-08,89.54,90.01,87.67,87.77,2563400
2024-01-09,87.67,88.42,86.93,87.58,2335700
2024-01-10,87.3,87.95,85.34,86.28,3880500
2024-01-11,86.28,86.65,85.44,86.28,1796300
2024-01-12,85.53,86.28,85.06,85.44,1778100
2024-01-15,85.44,86.0,85.34,85.34,929600
2024-01-16,85.34,87.21,85.06,87.21,1233800
2024-01-17,86.74,87.02,85.53,85.62,1794100
2024-01-18,85.62,86.74,85.53,86.0,1058200
2024-01-19,86.28,86.74,85.62,85.62,1046200
2024-01-22,85.62,85.81,84.32,85.34,1705600
2024-01-23,84.88,85.34,83.2,83.57,3765700
2024-01-24,83.66,84.32,83.29,83.29,1459100
2024-01-25,83.01,83.2,81.89,82.08,3366400
2024-01-26,81.89,83.2,81.89,82.92,1057700
2024-01-29,83.01,84.78,83.01,83.85,1407300
2024-01-30,83.85,84.32,83.38,84.32,976500
2024-01-31,84.6,84.88,83.1,84.32,1603900
2024-02-01,84.13,84.69,83.76,84.5,1059500
2024-02-02,84.97,85.25,84.22,84.6,1228100
2024-02-05,84.78,85.34,84.41,84.69,1002100
2024-02-06,84.69,89.17,84.5,89.17,4805200
2024-02-07,89.54,91.31,89.35,89.73,2752600
2024-02-15,90.19,90.57,88.79,88.98,1707800
2024-02-16,88.98,90.01,88.14,89.07,2550700
2024-02-19,89.63,91.97,88.79,90.1,4079000
2024-02-20,90.01,92.15,89.26,92.06,4599800
2024-02-21,94.2,96.07,92.99,94.86,5469800
2024-02-22,94.86,95.88,93.92,94.39,2842500
2024-02-23,94.67,96.44,92.9,93.27,4435100
2024-02-26,94.2,99.8,93.27,99.8,7509000
2024-02-27,102.13,104.09,101.2,104.09,4160600
2024-02-28,104.18,104.84,102.78,103.06,2783800
2024-02-29,103.16,107.08,102.23,104.46,3079600
2024-03-01,105.4,107.54,104.74,106.33,2998500
2024-03-04,107.73,107.73,104.18,104.56,3928600
2024-03-05,104.0,107.73,104.0,105.77,2853700
2024-03-06,105.21,105.86,102.41,105.4,3678100
2024-03-07,104.84,112.76,103.53,112.76,7346700
2024-03-08,113.79,114.63,110.06,111.37,2382900
2024-03-11,111.65,113.79,109.41,110.06,2792100
2024-03-12,110.06,112.39,109.78,110.9,2137200
2024-03-13,112.39,118.64,111.46,118.64,3805200
2024-03-14,120.23,122.65,118.55,119.57,3447700
2024-03-15,120.69,120.69,117.52,118.45,2510500
2024-03-18,118.92,118.92,110.25,110.25,13268600
2024-03-19,111.83,113.7,109.13,110.99,2829400
2024-03-20,111.83,115.38,110.62,114.54,2914900
2024-03-21,116.12,116.22,111.46,114.72,2792900
2024-03-22,114.72,116.12,113.14,115.28,2312600
2024-03-25,114.72,115.28,110.53,111.93,2744700
2024-03-26,111.93,112.58,110.25,112.58,1830700
2024-03-27,112.58,112.95,110.99,112.58,1516600
2024-03-28,113.7,116.59,113.32,115.56,2417200
2024-03-29,115.56,115.94,113.79,115.1,1970900
2024-04-01,114.26,114.63,112.02,112.21,2402700
2024-04-02,111.83,114.35,110.53,114.35,2443300
2024-04-03,114.44,118.92,113.79,114.16,4319500
2024-04-04,114.16,114.72,112.86,114.35,1689800
2024-04-05,112.86,114.26,111.55,111.65,2240100
2024-04-08,111.74,112.3,107.73,108.19,3268100
2024-04-09,108.19,109.69,108.19,109.13,1164100
2024-04-10,109.69,110.43,108.66,109.97,1440300
2024-04-11,109.13,112.39,108.85,111.83,1522700
2024-04-12,112.39,112.39,110.81,111.18,1073200
2024-04-15,110.81,113.7,103.53,103.62,2989100
2024-04-16,100.73,106.61,100.73,105.86,4536300
2024-04-17,106.61,106.8,103.62,103.62,1552300
2024-04-19,101.67,104.84,99.8,100.73,3122100
2024-04-22,102.6,103.53,100.83,102.6,2055900
2024-04-23,103.34,103.34,100.73,102.6,1668500
2024-04-24,102.97,108.47,102.97,108.47,3029200
2024-04-25,108.47,108.47,106.7,108.29,1539200
2024-04-26,106.8,112.39,106.8,110.81,3739600
2024-05-02,110.81,112.86,109.13,112.11,2359700
2024-05-03,112.86,113.79,110.43,110.99,2244100
2024-05-06,111.93,115.19,111.37,114.26,2663000
2024-05-07,114.44,117.15,114.26,114.26,2723700
2024-05-08,112.86,115.19,112.3,115.19,3332600
2024-05-09,116.59,122.19,116.12,116.4,6905300
2024-05-10,116.59,117.61,114.54,115.47,2904100
2024-05-13,115.47,115.56,111.93,114.35,3378200
2024-05-14,114.26,116.22,113.04,115.94,2481400
2024-05-15,117.15,118.36,115.47,117.61,3249800
2024-05-16,118.45,119.67,117.15,117.52,2987700
2024-05-17,117.52,119.01,117.06,117.71,2188600
2024-05-20,119.2,119.2,116.22,116.22,3418300
2024-05-21,115.75,118.45,114.72,117.52,2530800
2024-05-22,118.17,118.83,115.19,117.43,2836300
2024-05-23,117.06,120.23,116.4,119.01,3351000
2024-05-24,118.92,122.65,116.59,118.45,7236900
2024-05-27,117.61,118.45,115.84,117.8,2671100
2024-05-28,117.99,119.39,117.06,118.36,2316900
2024-05-29,118.55,121.72,117.06,118.08,3942300
2024-05-30,116.78,117.24,114.26,116.59,4169800
2024-05-31,116.59,118.45,115.56,117.52,2222200
2024-06-03,116.68,117.99,113.32,116.96,6348800
2024-06-04,117.52,117.52,115.28,115.66,2940300
2024-06-05,115.66,116.68,114.44,114.72,3244200
2024-06-06,115.28,115.28,112.39,112.76,5438300
2024-06-07,112.58,114.72,112.48,113.6,1947000
2024-06-10,113.6,114.16,112.86,113.32,1531800
2024-06-11,113.6,115.38,113.32,113.79,2775100
2024-06-12,113.79,114.91,113.51,114.91,1767300
2024-06-13,115.1,115.38,113.88,115.0,1950000
2024-06-14,115.0,115.28,113.51,113.51,2935800
2024-06-17,113.51,114.16,112.21,113.32,2212500
2024-06-18,113.42,121.25,112.86,121.25,13590200
2024-06-19,122.65,123.12,119.11,119.57,3762700
2024-06-20,119.67,123.58,119.67,121.25,5006400
2024-06-21,121.91,124.98,121.81,122.93,4319900
2024-06-24,123.12,123.12,116.12,116.22,8899700
2024-06-25,116.12,117.06,114.72,116.31,2915600
2024-06-26,116.59,116.87,113.79,116.59,3667000
2024-06-27,115.84,116.59,114.82,115.47,1688000
2024-06-28,115.66,115.94,111.93,114.26,3725600
2024-07-01,113.79,114.35,112.02,113.79,2813000
2024-07-02,113.79,115.28,112.39,115.0,1192200
2024-07-03,115.1,117.99,114.63,116.4,2821700
2024-07-04,116.87,117.8,115.56,116.59,1750600
2024-07-05,117.33,117.8,115.56,116.59,1976200
2024-07-08,117.99,120.6,116.5,118.73,3986800
2024-07-09,119.57,120.79,118.27,119.39,2412800
2024-07-10,119.39,121.07,116.87,117.99,3313100
2024-07-11,118.45,118.92,116.87,117.71,1841300
2024-07-12,117.06,117.99,116.4,117.06,1505600
2024-07-15,117.52,119.01,116.59,116.96,1704000
2024-07-16,116.96,117.43,115.47,116.96,1672900
2024-07-17,116.96,117.24,112.3,115.47,3787600
2024-07-18,114.44,114.72,112.58,114.72,2525200
2024-07-19,114.35,114.72,113.14,113.14,1380700
2024-07-22,113.14,113.14,105.58,106.33,6234700
2024-07-23,106.33,107.45,99.8,101.11,5575700
2024-07-24,99.33,104.84,99.33,102.6,3113200
2024-07-25,102.32,103.53,101.39,103.53,1170900
2024-07-26,103.9,106.24,103.53,105.58,2595600
2024-07-29,106.33,106.7,105.12,105.4,1096300
2024-07-30,105.4,105.4,102.6,104.84,1722200
2024-07-31,105.3,105.3,103.53,104.46,1343300
2024-08-01,104.09,104.37,98.21,98.87,3156300
2024-08-02,96.91,101.2,95.14,99.89,3225100
2024-08-05,97.0,99.61,93.36,94.39,3326700
2024-08-06,95.14,98.87,93.27,98.87,2451500
2024-08-07,99.71,99.71,96.54,98.87,1543800
2024-08-08,97.65,98.31,95.6,97.0,2029500
2024-08-09,97.65,99.43,97.1,99.33,2029400
2024-08-12,99.33,103.06,97.37,101.29,2477700
2024-08-13,101.39,103.06,99.89,101.67,1517700
2024-08-14,102.23,103.25,100.27,100.36,1478500
2024-08-15,100.64,100.64,97.0,99.33,2666500
2024-08-16,99.52,104.0,98.03,103.34,2954900
2024-08-19,103.81,104.0,102.6,103.44,1222400
2024-08-20,103.44,104.46,102.78,104.46,1864800
2024-08-21,104.46,105.68,103.62,105.21,1666800
2024-08-22,105.21,105.58,104.37,105.4,1254700
2024-08-23,105.3,105.4,103.62,105.3,1288100
2024-08-26,105.21,105.21,103.53,103.53,1281500
2024-08-27,103.34,103.34,101.57,102.23,1775800
2024-08-28,102.78,102.97,101.67,102.6,1307100
2024-08-29,102.69,103.81,101.95,103.81,1121000
2024-08-30,103.81,107.26,103.81,106.05,4097700
2024-09-04,105.86,109.41,105.02,107.45,3725200
2024-09-05,106.52,108.01,105.4,106.05,2020200
2024-09-06,105.49,106.33,104.37,106.33,1839700
2024-09-09,106.14,106.14,104.28,105.86,1644000
2024-09-10,105.49,106.14,104.37,105.4,1419800
2024-09-11,104.65,105.4,104.0,105.3,1084600
2024-09-12,105.4,107.17,104.84,105.86,1969500
2024-09-13,105.96,106.24,104.93,105.86,774800
2024-09-16,105.86,107.08,104.56,104.56,1805500
2024-09-17,104.56,106.14,104.37,106.14,1190600
2024-09-18,106.33,107.08,105.86,105.96,1670900
2024-09-19,106.8,107.08,105.49,106.89,1518000
2024-09-20,107.82,109.97,107.35,107.54,2980400
2024-09-23,107.26,107.45,106.42,107.26,1182800
2024-09-24,107.26,107.73,106.7,107.73,1089300
2024-09-25,107.91,108.75,107.63,107.73,1337300
2024-09-26,107.82,108.66,106.8,107.35,1715100
2024-09-27,108.01,108.47,106.89,107.26,1587900
2024-09-30,107.26,107.82,106.61,107.73,1080100
2024-10-01,107.73,110.81,107.73,108.19,3445700
2024-10-02,108.29,108.66,107.17,108.19,1808600
2024-10-03,108.19,108.29,106.8,106.89,1814700
2024-10-04,106.89,106.98,105.68,105.86,1884300
2024-10-07,105.86,106.52,105.12,106.33,1233000
2024-10-08,106.24,106.42,105.4,106.24,969100
2024-10-09,106.24,107.63,106.05,107.26,1177300
2024-10-10,107.35,110.34,107.35,108.01,3358900
2024-10-11,108.66,108.75,107.35,107.73,680400
2024-10-14,108.19,109.87,107.73,108.38,1768300
2024-10-15,108.38,108.94,107.45,107.63,1239400
2024-10-16,107.63,107.91,106.24,107.45,1837800
2024-10-17,107.45,107.45,106.14,106.89,1173100
2024-10-18,106.89,107.54,106.33,106.33,831000
2024-10-21,106.42,106.98,105.4,105.4,1461900
2024-10-22,105.4,105.68,103.16,103.62,3524800
2024-10-23,104.0,104.18,102.41,103.53,1625100
2024-10-24,104.0,105.4,103.06,103.06,1693700
2024-10-25,103.06,103.81,101.76,101.76,1805400
2024-10-28,101.85,103.06,101.67,103.06,788700
2024-10-29,103.53,104.84,102.6,104.65,1247100
2024-10-30,104.65,105.02,103.53,103.9,675500
2024-10-31,103.53,104.74,103.53,104.74,701800
2024-11-01,104.37,104.37,103.16,103.9,1083900
2024-11-04,103.81,103.81,102.6,103.06,707000
2024-11-05,103.53,103.53,102.78,102.97,470600
2024-11-06,104.0,104.18,102.97,104.18,872100
2024-11-07,104.65,106.33,104.09,104.93,1995200
2024-11-08,105.02,105.86,104.37,104.37,984800
2024-11-11,104.46,107.63,104.37,107.45,3579900
2024-11-12,107.82,107.91,106.42,107.82,1744000
2024-11-13,107.45,108.75,106.61,108.75,2445800
2024-11-14,108.75,110.15,107.26,108.47,1795200
2024-11-15,107.63,108.01,105.49,105.58,1880200
2024-11-18,105.58,105.58,102.6,105.4,2430300
2024-11-19,105.87,105.87,102.04,102.04,1962800
2024-11-20,102.04,103.47,99.26,101.65,1491700
2024-11-21,102.13,102.8,101.56,102.52,680300
2024-11-22,102.9,103.19,101.46,101.46,938900
2024-11-25,101.27,102.52,101.27,102.52,849900
2024-11-26,102.8,103.19,102.23,102.23,1047700
2024-11-27,102.23,103.95,102.23,102.42,1091400
2024-11-28,102.52,103.38,102.42,103.19,801700
2024-11-29,103.47,105.87,103.38,104.91,2099600
2024-12-02,105.39,106.06,104.05,105.2,986500
2024-12-03,105.01,105.3,104.34,105.3,846900
2024-12-04,105.1,105.2,103.38,103.38,1333900
2024-12-05,103.38,105.39,102.04,105.39,1604300
2024-12-06,105.87,112.0,105.58,110.37,6349700
2024-12-09,110.66,111.71,110.28,111.14,1897000
2024-12-10,111.04,111.62,109.22,111.33,1614400
2024-12-11,111.33,112.58,111.14,111.62,2506700
2024-12-12,111.62,111.71,110.47,111.52,1461500
2024-12-13,110.76,111.04,109.61,110.09,1456800
2024-12-16,110.18,111.14,109.7,110.66,854500
2024-12-17,110.66,111.14,110.09,111.14,1140700
2024-12-18,111.62,111.62,110.66,111.33,1013100
2024-12-19,109.51,112.86,109.42,111.14,2560100
2024-12-20,111.14,111.43,110.47,110.56,1269000
2024-12-23,111.14,112.39,110.66,111.62,1887700
2024-12-24,111.71,113.53,111.62,113.53,3854900
2024-12-25,114.01,114.21,111.14,114.01,2125900
2024-12-26,114.01,114.01,112.67,112.67,917100
2024-12-27,112.67,113.15,111.52,112.1,1688000
2024-12-30,111.62,112.0,111.24,111.24,934100
2024-12-31,111.33,112.29,111.24,111.71,1267800
2025-01-02,111.71,112.39,111.52,111.71,777800
2025-01-03,111.62,112.39,110.66,110.66,1780200
2025-01-06,110.28,111.14,107.4,107.79,2604800
2025-01-07,107.79,108.55,107.4,107.59,1040800
2025-01-08,107.59,108.46,107.59,107.69,517100
2025-01-09,108.36,108.36,107.5,107.5,587500
2025-01-10,107.59,107.79,105.39,105.39,1581100
2025-01-13,105.39,105.87,103.95,105.87,1175600
2025-01-14,105.87,105.87,104.24,104.34,685300
2025-01-15,104.53,105.2,104.24,104.72,772900
2025-01-16,105.3,106.06,104.53,105.2,1084700
2025-01-17,105.2,105.39,104.43,105.2,786100
2025-01-20,105.39,105.97,105.1,105.3,764500
2025-01-21,105.01,105.58,104.34,104.43,965100
2025-01-22,104.43,105.68,104.43,104.43,838500
2025-01-23,105.49,106.35,104.72,106.35,1183400
2025-01-24,106.35,107.02,105.58,106.73,1038000
2025-02-03,106.73,106.73,105.3,105.77,668100
2025-02-04,106.16,107.21,105.77,106.83,1077100
2025-02-05,107.12,107.21,105.87,107.02,1253300
2025-02-06,107.02,107.21,105.97,106.73,1226000
2025-02-07,106.73,106.83,105.58,106.44,1245600
2025-02-10,105.87,105.87,103.09,103.09,2288800
2025-02-11,103.09,104.24,101.85,103.95,1405100
2025-02-12,104.43,104.91,103.0,103.86,941900
2025-02-13,103.38,103.95,102.9,103.95,995600
2025-02-14,104.24,104.91,103.09,103.47,1254600
2025-02-17,103.47,103.76,102.04,102.13,1738300
2025-02-18,102.42,103.0,102.13,103.0,915400
2025-02-19,103.47,103.47,102.52,103.47,1118400
2025-02-20,103.76,107.5,103.57,105.68,2532000
2025-02-21,105.77,106.25,104.53,104.91,909800
2025-02-24,104.82,104.91,103.47,104.91,1278500
2025-02-25,105.2,105.77,104.24,105.1,1145300
2025-02-26,105.39,106.35,104.91,105.39,1179100
2025-02-27,105.39,106.83,105.1,106.16,1743000
2025-02-28,106.35,108.07,106.16,106.83,2520300
2025-03-03,107.79,110.76,106.83,108.55,3330600
2025-03-04,108.74,108.74,106.83,107.31,1487700
2025-03-05,107.69,107.88,105.3,105.39,2388400
2025-03-06,105.87,106.73,104.72,106.44,2065100
2025-03-07,107.21,107.21,105.97,106.54,1415100
2025-03-10,106.54,107.02,105.77,105.87,1634500
2025-03-11,105.1,105.3,104.34,104.53,2038900
2025-03-12,105.2,105.39,104.43,105.39,1233900
2025-03-13,105.68,105.77,104.34,104.34,1669000
2025-03-14,104.34,104.34,102.33,102.52,2581300
2025-03-17,102.9,103.47,102.23,102.52,1568400
2025-03-18,103.0,103.67,102.61,102.8,653400
2025-03-19,102.8,104.05,101.85,103.38,1706400
2025-03-20,103.47,103.47,100.7,101.94,2131400
2025-03-21,102.33,102.33,99.93,100.5,1605200
2025-03-24,100.6,102.33,98.97,99.64,2099200
2025-03-25,99.64,100.5,99.64,99.83,1031600
2025-03-26,99.83,100.98,99.26,100.12,1032600
2025-03-27,100.03,100.98,99.45,100.7,652900
2025-03-28,100.7,100.7,98.21,98.59,1545500
2025-03-31,97.34,97.82,92.74,95.43,3976100
2025-04-01,95.52,96.0,93.03,94.09,2454100
2025-04-02,93.89,93.89,92.17,93.03,1899100
2025-04-03,89.1,89.1,86.61,86.61,3006700
2025-04-04,80.58,82.11,80.58,80.96,6889200
2025-04-08,75.79,80.48,75.31,75.31,2261100
2025-04-09,70.04,74.73,70.04,70.04,5859900
2025-04-10,74.92,74.92,74.92,74.92,134200
2025-04-11,80.1,80.1,76.74,80.1,2993300
2025-04-14,85.65,85.65,83.35,85.65,3859300
2025-04-15,86.23,87.95,83.45,85.75,3516200
2025-04-16,84.79,85.56,83.55,83.93,2567400
2025-04-17,82.01,83.64,82.01,83.55,1118500
2025-04-18,84.5,84.89,83.16,84.79,1871800
2025-04-21,84.89,85.08,82.97,83.45,879100
2025-04-22,83.93,86.13,78.09,84.5,3379000
2025-04-23,85.46,88.62,85.08,87.0,2052900
2025-04-24,87.67,88.62,86.8,87.76,1130100
2025-04-25,88.05,88.15,85.94,87.38,1177400
2025-04-28,86.8,87.67,86.13,87.67,770400
2025-04-29,87.38,89.01,86.9,87.19,981100
2025-05-05,88.62,90.06,87.0,89.87,1786300
2025-05-06,90.54,90.73,89.1,89.39,958700
2025-05-07,89.39,90.06,87.95,88.24,1201400
2025-05-08,88.15,88.91,87.38,88.34,1383700
2025-05-09,89.01,89.01,87.67,87.86,893400
2025-05-12,88.53,88.53,87.38,87.95,1237400
2025-05-13,88.05,89.1,87.38,87.76,3827300
2025-05-14,87.57,90.06,87.57,89.87,3424100
2025-05-15,90.44,90.54,88.72,89.58,1493800
2025-05-16,89.58,89.58,87.76,88.05,1683500
2025-05-19,87.28,87.28,85.65,85.75,2718600
2025-05-20,85.75,86.23,84.98,86.13,1795700
2025-05-21,86.23,86.42,84.98,85.08,1358600
2025-05-22,85.18,85.27,84.41,85.08,1571700
2025-05-23,84.7,85.08,84.12,84.12,1301700
2025-05-26,83.83,86.23,83.64,86.23,1657200
2025-05-27,86.61,88.62,85.94,87.95,1857500
2025-05-28,89.1,89.1,86.52,86.9,1448900
2025-05-29,86.9,87.47,85.75,85.75,1164900
2025-05-30,86.23,86.23,84.31,86.13,1722400
2025-06-02,85.27,85.56,84.31,85.37,658800
2025-06-03,86.13,87.19,85.37,86.71,1425300
2025-06-04,87.28,88.05,86.23,86.32,1169700
2025-06-05,86.42,87.86,85.94,86.8,1627100
2025-06-06,86.8,86.8,85.37,86.04,1145400
2025-06-09,86.04,86.04,84.41,84.41,1104900
2025-06-10,84.5,88.34,84.5,87.47,2822800
2025-06-11,87.47,91.5,87.0,88.82,3655400
2025-06-12,88.91,89.58,88.53,89.01,1354700
2025-06-13,88.05,91.02,87.19,88.82,3253500
2025-06-16,89.2,93.89,89.2,93.89,4957100
2025-06-17,94.76,94.85,92.65,94.56,2374000
2025-06-18,94.47,94.85,92.65,93.32,2242300
2025-06-19,93.41,94.66,92.27,93.32,1731600
2025-06-20,93.13,93.13,91.98,92.74,1813200
2025-06-23,91.98,93.32,91.02,92.36,1143500
2025-06-24,92.94,93.03,91.98,92.46,2237200
2025-06-25,92.84,93.89,92.27,93.13,2034400
2025-06-26,93.22,93.7,92.46,92.65,1020000
2025-06-27,92.55,95.33,92.27,94.76,3236700
2025-06-30,96.38,98.21,96.19,97.44,2879100
2025-07-01,97.92,97.92,95.33,96.67,2442400
2025-07-02,96.67,97.73,95.52,97.53,1842800
2025-07-03,96.38,99.83,96.29,98.68,3443600
2025-07-04,98.59,99.07,97.44,97.73,1406100
2025-07-07,98.3,98.4,96.29,97.92,2413500
2025-07-08,97.92,98.3,96.86,98.3,1911400
2025-07-09,98.78,100.22,97.82,97.82,1984400
2025-07-10,97.34,97.73,96.77,97.25,2304100
2025-07-11,97.73,99.74,97.34,99.35,4745300
2025-07-14,99.83,99.83,97.44,99.55,1851200
2025-07-15,99.64,100.89,98.11,98.11,3012100
2025-07-16,98.21,98.49,97.25,97.73,1724900
2025-07-17,100.6,101.75,98.49,98.78,2845800
2025-07-18,98.68,99.45,98.01,98.3,2094600
2025-07-21,98.3,99.16,97.82,97.82,1787200
2025-07-22,97.53,98.49,97.44,98.01,1832900
2025-07-23,99.93,101.56,98.59,101.27,5456200
2025-07-24,101.75,102.04,99.93,100.79,1875800
2025-07-25,101.18,101.18,99.74,100.79,1990100
2025-07-28,101.08,102.52,99.93,101.08,3496900
2025-07-29,101.08,103.09,97.25,97.25,4598900
2025-07-30,97.25,99.55,96.77,99.55,2335600
2025-07-31,100.12,100.12,97.25,98.59,2086300
2025-08-01,98.01,98.68,97.34,97.34,1650000
2025-08-04,97.44,98.88,97.34,98.88,1389300
2025-08-05,98.88,100.98,97.34,99.16,3811400
2025-08-06,98.78,102.13,98.68,101.85,4821700
2025-08-07,102.9,103.76,101.18,101.85,2256200
2025-08-08,102.8,103.95,101.08,103.0,4252200
2025-08-11,102.52,103.09,101.75,101.85,2409900
2025-08-12,102.42,106.25,101.85,103.38,4826400
2025-08-13,103.38,103.38,100.7,102.04,3068300
2025-08-14,102.23,102.23,100.22,101.46,3339800
2025-08-15,101.75,102.23,98.78,99.26,3524500
2025-08-18,99.26,100.7,98.21,99.07,2385000
2025-08-19,99.07,99.26,97.63,97.92,2851800
2025-08-20,97.92,98.01,93.89,94.85,4601200
2025-08-21,94.18,95.14,91.4,92.65,5248900
2025-08-22,92.65,95.14,91.12,94.66,3366500
2025-08-25,95.24,95.24,92.65,92.94,1779600
2025-08-26,92.07,94.85,92.07,94.85,1534800
2025-08-27,94.37,96.48,93.03,94.56,2427100
2025-08-28,95.91,96.77,94.85,95.52,1577600
2025-08-29,96.0,96.0,94.09,94.09,1334800
2025-09-03,94.18,94.85,93.22,93.51,1944200
2025-09-04,93.51,95.33,93.32,95.14,2212600
2025-09-05,95.81,97.15,93.8,93.8,2766100
2025-09-08,93.61,94.47,91.88,92.17,2292200
2025-09-09,92.27,92.46,91.31,91.59,1424900
2025-09-10,91.98,92.36,91.59,91.88,783800
2025-09-11,91.98,92.94,90.06,92.94,1712000
2025-09-12,92.94,94.09,91.98,93.41,1971700
2025-09-15,94.18,95.62,93.51,95.33,2428000
2025-09-16,95.71,97.15,95.33,95.81,3242200
2025-09-17,95.81,98.68,95.52,95.62,4109900
2025-09-18,96.0,96.1,94.09,94.66,1542600
2025-09-19,94.85,95.62,92.65,92.65,2008300
2025-09-22,92.84,93.32,91.31,91.98,2087800
2025-09-23,92.07,92.65,91.5,91.98,981400
2025-09-24,92.07,92.94,91.02,92.94,911600
2025-09-25,92.55,92.84,91.98,92.46,999200
2025-09-26,92.46,92.46,91.4,91.4,957700
2025-09-29,91.12,91.21,90.06,90.06,1605100
2025-09-30,90.06,90.06,87.38,87.95,1789200
2025-10-01,87.95,89.1,87.95,88.34,788500
2025-10-02,88.34,89.01,87.95,87.95,696700
2025-10-03,87.95,88.62,87.57,87.67,1063700
2025-10-06,89.58,89.58,88.24,88.91,1183200
2025-10-07,88.91,89.39,88.82,89.1,670200
2025-10-08,89.68,90.54,88.24,90.44,1164400
2025-10-09,90.44,90.54,89.2,89.58,942900
2025-10-10,90.25,90.44,89.58,90.35,1439300
2025-10-13,89.1,92.36,89.1,91.88,2001100
2025-10-14,92.84,93.61,91.98,92.17,2276000
2025-10-15,92.94,93.03,90.64,91.02,1184800
2025-10-16,91.02,91.21,90.06,91.02,1411000
2025-10-17,91.5,91.5,89.29,89.29,1038300
2025-10-20,88.72,90.35,83.35,83.35,2040600
2025-10-21,85.27,87.28,84.22,85.46,2272200
2025-10-22,85.46,90.06,85.46,87.19,2385600
2025-10-23,87.76,88.34,86.23,87.19,1263100
2025-10-24,87.19,88.91,86.8,88.53,1811000
2025-10-27,89.1,90.54,88.62,89.01,1467700
2025-10-28,88.62,91.12,88.62,90.06,1606900
2025-10-29,90.06,91.02,89.39,90.44,1210800
2025-10-30,90.54,91.31,89.29,89.68,1742100
2025-10-31,89.77,92.84,89.68,91.98,3377200
2025-11-03,92.55,93.32,91.5,91.5,2224300
2025-11-04,91.12,91.31,87.19,90.64,2784600
2025-11-05,89.58,91.02,89.49,91.02,1011500
2025-11-06,91.02,92.46,90.35,91.02,1047600
2025-11-07,90.44,91.02,88.82,89.2,1254600
2025-11-10,89.87,89.97,87.67,87.67,1462900
2025-11-11,87.76,88.91,87.19,87.95,1289100
2025-11-12,88.15,89.77,87.95,89.58,1102600
2025-11-13,90.35,95.81,90.25,95.81,8043300
2025-11-14,96.19,98.68,93.89,95.24,3803200
2025-11-17,95.24,97.25,93.89,94.85,3026100
2025-11-18,95.04,95.04,93.41,94.66,3418500
2025-11-19,94.66,96.0,92.36,92.55,4650300
2025-11-20,93.22,93.41,91.98,93.13,1562100
2025-11-21,92.36,92.74,91.12,92.74,1841800
2025-11-24,92.74,93.32,91.79,91.98,1206900
2025-11-25,91.79,92.46,89.77,90.06,2646700
2025-11-26,90.06,91.79,89.87,91.79,1433600
2025-11-27,91.88,91.98,90.83,91.02,882300
2025-11-28,91.02,91.59,90.25,90.35,984400
2025-12-01,90.83,91.59,90.16,91.02,939900
2025-12-02,91.02,92.74,90.25,92.74,2029100
2025-12-03,93.22,94.09,92.27,92.94,1698100
2025-12-04,92.84,93.89,92.46,92.94,1792300
2025-12-05,93.22,93.8,91.02,91.02,1466500
2025-12-08,91.02,91.5,89.87,90.06,1522000
2025-12-09,90.92,91.31,89.77,90.92,1924300
2025-12-10,91.5,91.88,91.02,91.02,892200
2025-12-11,91.88,91.88,90.44,90.64,822500
2025-12-12,90.73,90.73,88.05,88.15,2497400
2025-12-15,88.24,89.1,88.24,89.1,901600
2025-12-16,85.27,88.15,82.88,82.88,18556100
2025-12-17,77.13,77.13,77.13,77.13,3913900
2025-12-18,71.76,71.76,71.76,71.76,1021600
2025-12-19,66.78,76.65,66.78,67.26,36714200
2025-12-22,67.07,71.67,66.97,71.47,6028300
2025-12-23,72.43,75.21,68.03,68.6,13369900
2025-12-24,69.0,69.0,64.5,65.0,9727200
